"","","","","","","",""
ICT폴리텍대학,본교,경기,사립,경기도 광주시 순암로 16-26 (역동) ICT폴리텍대학,www.ict.ac.kr,031-764-3301~3302,031-762-3456
가야대학교(고령),제2캠퍼스,경북,사립,경상북도 고령군 대가야읍 대가야로 1103 (지산리. 가야대학교) ,WWW.KAYA.AC.KR,055-330-1000,055-331-0983
가야대학교(김해),본교,경남,사립,경상남도 김해시 삼계로 208 (삼계동) ,WWW.KAYA.AC.KR,055-330-1000,055-330-1093
가천대학교,본교,경기,사립,경기도 성남시 수정구 성남대로 1342 (복정동. 가천대학교) ,www.gachon.ac.kr,031-750-5114,031-753-8828
가톨릭관동대학교,본교,강원,사립,강원도 강릉시 범일로579번길 24 (내곡동. 가톨릭관동대학교) ,www.cku.ac.kr,033-649-7114,033-649-7874
가톨릭꽃동네대학교,본교,충북,사립,충청북도 청주시 서원구 현도면 상삼길 133 (상삼리. 꽃동네대학교) ,www.kkot.ac.kr,043-270-0109,043-270-0120
가톨릭대학교,본교,경기,사립,경기도 부천시 원미구 지봉로 43 (역곡동. 가톨릭대학교성심교정) ,www.catholic.ac.kr,02-2164-4114,02-2164-4754
가톨릭대학교,제2캠퍼스,서울,사립,서울특별시 서초구 반포대로 222 (반포동. 가톨릭대학교성의교정) ,www.catholic.ac.kr,02-2258-7114,02-533-4362
가톨릭대학교,제3캠퍼스,서울,사립,서울특별시 종로구 창경궁로 296-12 (혜화동. 가톨릭대학교성신교정) ,www.catholic.ac.kr,02-740-9705,02-741-2801
가톨릭상지대학교,본교,경북,사립,경상북도 안동시 상지길 45 (율세동. 가톨릭상지대학교) ,www.csj.ac.kr,054-851-3000,054-851-3100
감리교신학대학교,본교,서울,사립,서울특별시 서대문구 독립문로 56 (냉천동. 감리교신학대학) ,www.mtu.ac.kr,02-361-9257,02-361-9006
강남대학교,본교,경기,사립,경기도 용인시 기흥구 강남로 40 (구갈동. 강남대학교) ,www.kangnam.ac.kr,031-280-3500,031-280-3173
강동대학교,본교,충북,사립,충청북도 음성군 감곡면 대학길 278 (단평리. 강동대학교) ,www.gangdong.ac.kr,043-879-3300,043-879-3311
강릉영동대학교,본교,강원,사립,강원도 강릉시 공제로 357 (홍제동. 강릉영동대학) ,www.gyc.ac.kr,033-610-0114,033-644-8809
강릉원주대학교,본교,강원,국립,강원도 강릉시 죽헌길 7 (지변동. 강릉원주대학교) ,www.gwnu.ac.kr,033-642-7001,033-643-7110
강릉원주대학교,제2캠퍼스,강원,국립,강원도 원주시 흥업면 남원로 150 (흥업리. 강릉원주대학교원주캠퍼스) ,www.gwnu.ac.kr,033-760-8020,033-760-8029
강원관광대학교,본교,강원,사립,강원도 태백시 대학길 97 (황지동. 강원관광대학) ,www.kt.ac.kr,033-550-6133,033-553-4074
강원대학교,본교,강원,국립,강원도 춘천시 강원대학길 1 (효자동. 강원대학교) ,www.kangwon.ac.kr/,033-250-6114,033-251-9556
강원대학교,제2캠퍼스,강원,국립,강원도 삼척시 중앙로 346 (교동. 강원대학교삼척캠퍼스) ,www.kangwon.ac.kr/,033-570-6114,033-572-8620
강원도립대학교,본교,강원,공립,강원도 강릉시 주문진읍 연주로 270 ,www.gw.ac.kr,033-660-8000,033-660-8035
거제대학교,본교,경남,사립,경상남도 거제시 마전1길 91 (장승포동. 거제대학) ,www.geoje.ac.kr,055-680-1504,055-680-1517
건국대학교,본교,서울,사립,서울특별시 광진구 능동로 120 (화양동. 건국대학교) ,www.konkuk.ac.kr,02-450-3114,02-450-3179
건국대학교(글로컬),분교,충북,사립,충청북도 충주시 충원대로 268 (단월동. 건국대학교 글로컬캠퍼스) ,www.kku.ac.kr,043-840-3114,043-851-9356
건양대학교,본교,충남,사립,충청남도 논산시 대학로 121 (내동. 건양대학교) ,www.konyang.ac.kr,041-730-5114,041-733-2070
건양대학교,제2캠퍼스,대전,사립,대전광역시 서구 관저동로 158 (관저동. 건양대학교병원) ,www.konyang.ac.kr,041-730-5114,041-733-2070
건양사이버대학교,본교,대전,사립,대전광역시 서구 관저동로 158 (관저동. 건양대학교병원) 건양사이버대학교,www.kycu.ac.kr,1899-3330,042-722-0023
경기과학기술대학교,본교,경기,사립,경기도 시흥시 경기과기대로 269 (정왕동. 경기과학기술대학교) ,www.gtec.ac.kr,031-496-4532,031-496-9024
경기대학교,본교,경기,사립,경기도 수원시 영통구 광교산로 154-42 (이의동. 경기대학교) ,www.kyonggi.ac.kr,031-249-9114,031-243-2194
경기대학교,제2캠퍼스,서울,사립,서울특별시 서대문구 경기대로9길 24 (충정로2가. 경기대학교) ,www.kyonggi.ac.kr,031-249-8711,031-249-8718
경남대학교,본교,경남,사립,경상남도 창원시 마산합포구 경남대학로 7 (월영동. 경남대학교) ,www.kyungnam.ac.kr,055-245-5000,055-246-6184
경남도립거창대학,본교,경남,공립,경상남도 거창군 거창읍 거창대학로 72 (대평리. 경남도립거창대학) ,www.gc.ac.kr,055-254-2800,055-254-2718
경남도립남해대학,본교,경남,공립,경상남도 남해군 남해읍 화전로78번길 30 (남변리. 경남도립남해대학) ,www.namhae.ac.kr,055-254-2400,055-254-2419
경남정보대학교,본교,부산,사립,부산광역시 사상구 주례로 45 (주례동. 경남정보대학교) ,www.kit.ac.kr,051-324-5555,051-324-1858
경동대학교,본교,강원,사립,강원도 고성군 토성면 봉포4길 46 (봉포리. 경동대학교) ,www.kduniv.ac.kr,033-631-2000,033-631-9542
경동대학교,제2캠퍼스,강원,사립,강원도 속초시 도리원길 5 (노학동. 동우대학) ,www.kduniv.ac.kr,033-632-6551,033-639-0518
경동대학교,제3캠퍼스,강원,사립,강원도 원주시 문막읍 견훤로 815 (후용리. 경동대학교) ,www.kduniv.ac.kr,033-738-1200,033-738-1209
경동대학교,제4캠퍼스,경기,사립,경기도 양주시 경동대학로 27 (고암동) ,www.kduniv.ac.kr,031-869-9900,031-869-9909
경민대학교,본교,경기,사립,경기도 의정부시 서부로 545 (가능동. 경민대학) ,www.kyungmin.ac.kr,031-828-7722,031-828-7733
경복대학교,본교,경기,사립,경기도 남양주시 진접읍 경복대로 425 (금곡리. 경복대학교) ,www.kbu.ac.kr,031-570-9901,031-570-9929
경북과학대학교,본교,경북,사립,경상북도 칠곡군 기산면 지산로 634 (봉산리. 경북과학대학교) ,www.kbsc.ac.kr,054-979-9001,054-979-9130
경북대학교,본교,대구,국립,대구광역시 북구 대학로 80 (산격동. 경북대학교) ,www.knu.ac.kr,053-950-5114,053-950-2149
경북도립대학교,본교,경북,공립,경상북도 예천군 예천읍 도립대학길 114 (청복리. 경북도립대학교) ,www.gpc.ac.kr,054-650-0128,054-650-0129
경북보건대학교,본교,경북,사립,경상북도 김천시 대학로 168 (삼락동. 경북보건대학교) ,www.gch.ac.kr,054-420-9200,054-430-4477
경북전문대학교,본교,경북,사립,경상북도 영주시 대학로 77 (휴천동. 경북전문대학교) ,www.kbc.ac.kr,054-630-5114,054-632-0754
경상국립대학교,본교,경남,국립,경상남도 진주시 진주대로 501 (가좌동. 경상대학교) ,www.gnu.ac.kr,055-772-1114,055-772-0359
경성대학교,본교,부산,사립,부산광역시 남구 수영로 309 (대연동. 경성대학교) ,ks.ac.kr,051-663-4114,051-663-4089
경운대학교,본교,경북,사립,경상북도 구미시 산동면 강동로 730 (인덕리. 경운대학교) ,www.ikw.ac.kr,054-479-1114,054-479-1209
경인교육대학교,본교,인천,국립,인천광역시 계양구 계산로 62 (계산동. 경인교육대학교) ,www.ginue.ac.kr,032-540-1114,032-541-0580
경인교육대학교,제2캠퍼스,경기,국립,경기도 안양시 만안구 삼막로 155 (석수동. 경인교육대학교) ,www.ginue.ac.kr,031-470-6114,031-470-6139
경인여자대학교,본교,인천,사립,인천광역시 계양구 계양산로 63 (계산동. 경인여자대학) ,www.kiwu.ac.kr,032-540-0114,032-545-2095
경일대학교,본교,경북,사립,경상북도 경산시 하양읍 가마실길 50 (부호리. 경일대학교) ,www.kiu.ac.kr,053-600-4000,053-600-4020
경주대학교,본교,경북,사립,경상북도 경주시 태종로 188 (효현동. 경주대학교) ,www.gju.ac.kr,054-770-5114,054-748-2784
경희대학교,본교,서울,사립,서울특별시 동대문구 경희대로 26 (회기동. 경희대학교) ,www.khu.ac.kr,02-961-0114,02-961-0930
경희사이버대학교,본교,서울,사립,서울특별시 동대문구 경희대로 26 (회기동. 경희사이버대학교) ,www.khcu.ac.kr,02-3299-8700,02-3299-8729
계명대학교,본교,대구,사립,대구광역시 달서구 달구벌대로 1095 (신당동. 계명대학교성서캠퍼스) ,www.kmu.ac.kr,053-580-5114,053-580-5454
계명문화대학교,본교,대구,사립,대구광역시 달서구 달서대로 675 (신당동. 계명문화대학교) ,www.kmcu.ac.kr,053-589-7744,053-589-7400
계원예술대학교,본교,경기,사립,경기도 의왕시 계원대학로 66 (내손동. 계원예술대학교) ,www.kaywon.ac.kr,031-420-1700,031-420-1729
고구려대학교,본교,전남,사립,전라남도 나주시 다시면 백호로 125 (복암리. 고구려대학) ,www.kgrc.ac.kr,061-330-7400,061-335-7128
고려대학교,본교,서울,사립,서울특별시 성북구 안암로 145 (안암동5가. 고려대학교안암캠퍼스(인문사회계)) ,www.korea.ac.kr,02-3290-1114,02-928-9102
고려대학교(세종),분교,세종,사립,세종특별자치시 조치원읍 세종로 2511 (서창리. 고려대학교세종캠퍼스) ,sejong.korea.ac.kr,044-860-1114,044-860-1048
고려사이버대학교,본교,서울,사립,서울특별시 종로구 북촌로 106 (계동. 고려사이버대학교) ,www.cuk.edu,02-6361-2000,02-6361-1800
고신대학교,본교,부산,사립,부산광역시 영도구 와치로 194 (동삼동. 고신대학교) ,www.kosin.ac.kr,051-990-2114,051-911-2525
공주교육대학교,본교,충남,국립,충청남도 공주시 웅진로 27 (봉황동. 공주교육대학교) ,www.gjue.ac.kr,041-850-1377,041-850-1374
공주대학교,본교,충남,국립,충청남도 공주시 공주대학로 56 (신관동. 공주대학교) ,www.kongju.ac.kr,041-850-8114,041-850-8019
광신대학교,본교,광주,사립,광주광역시 북구 양산택지소로 36 (본촌동. 광신대학교) ,www.kwangshin.ac.kr,062-605-1004,062-571-7255
광양보건대학교,본교,전남,사립,전라남도 광양시 광양읍 대학로 85 (덕례리. 광양보건대학) ,www.gy.ac.kr,061-760-1411,061-763-9009
광운대학교,본교,서울,사립,서울특별시 노원구 광운로 20 (월계동. 광운대학교) ,www.kw.ac.kr,02-940-5026,02-917-0896
광주가톨릭대학교,본교,전남,사립,전라남도 나주시 남평읍 중남길 12-25 (남석리. 광주가톨릭대학교) ,www.gjcatholic.ac.kr,061-337-2181,061-337-2185
광주과학기술원,본교,광주,특별법법인,광주광역시 북구 첨단과기로 123 (오룡동. 광주과학기술원) ,www.gist.ac.kr,627152114,627152300
광주교육대학교,본교,광주,국립,광주광역시 북구 필문대로 55 (풍향동. 광주교육대학교) ,www.gnue.ac.kr,062-520-4114,062-524-6022
광주대학교,본교,광주,사립,광주광역시 남구 효덕로 277 (진월동. 광주대학교) ,www.gwangju.ac.kr,062-670-2302,062-670-2112
광주보건대학교,본교,광주,사립,광주광역시 광산구 북문대로419번길 73 (신창동. 광주보건대학) ,www.ghu.ac.kr,062-958-7500,062-953-4946
광주여자대학교,본교,광주,사립,광주광역시 광산구 광주여대길 40 (산정동) ,www.kwu.ac.kr,062-956-2500,062-953-2218
구미대학교,본교,경북,사립,경상북도 구미시 야은로 37 (부곡동. 구미대학교) ,www.gumi.ac.kr,054-440-1114,054-442-8953
국민대학교,본교,서울,사립,서울특별시 성북구 정릉로 77 (정릉동. 국민대학교) ,www.kookmin.ac.kr,02-910-4114,02-910-4169
국제대학교,본교,경기,사립,경기도 평택시 장안웃길 56 (장안동. 국제대학교) ,www.kookje.ac.kr,031-610-8000,031-668-4900
국제사이버대학교,본교,경기,사립,경기도 수원시 팔달구 경수대로 490 (인계동) ,www.gjcu.ac.kr,031-229-6212,031-267-0750
군산간호대학교,본교,전북,사립,전라북도 군산시 동개정길 7 (개정동. 군산간호대학교) ,www.kcn.ac.kr,063-450-3803,063-450-3809
군산대학교,본교,전북,국립,전라북도 군산시 대학로 558 (미룡동. 군산대학교) ,www.kunsan.ac.kr,063-469-4113~4,063-469-4110
군장대학교,본교,전북,사립,전라북도 군산시 성산면 군장대길 13 (도암리. 군장대학) ,www.kunjang.ac.kr,063-450-8114,063-450-8116
극동대학교,본교,충북,사립,충청북도 음성군 감곡면 대학길 76-32 (왕장리. 극동대학교) ,www.kdu.ac.kr,043-879-3500,043-879-3519
글로벌사이버대학교,본교,충남,사립,충청남도 천안시 동남구 목천읍 교천지산길 284-88 (지산리. 글로벌사이버대학교) ,www.global.ac.kr,1577-1786,041-415-6199
금강대학교,본교,충남,사립,충청남도 논산시 상월면 상월로 522 (대명리. 금강대학교) ,www.ggu.ac.kr,041-731-3114,041-731-3048
금오공과대학교,본교,경북,국립,경상북도 구미시 대학로 61 (양호동. 금오공과대학교) ,www.kumoh.ac.kr,(054)478-7114,(054)478-7100
기독간호대학교,본교,광주,사립,광주광역시 남구 백서로70번길 6 (양림동. 기독간호대학) ,ccn.ac.kr,062-650-8021,062-675-5806
김천대학교,본교,경북,사립,경상북도 김천시 대학로 214 (삼락동. 김천대학교) ,www.gimcheon.ac.kr,054-420-4000,054-420-4003
김포대학교,본교,경기,사립,경기도 김포시 월곶면 김포대학로 97 (포내리. 김포대학교) ,ukp.ac.kr,031-999-4725,031-989-4389
김해대학교,본교,경남,사립,경상남도 김해시 삼안로112번길 198 (삼방동. 김해대학교) ,www.gimhae.ac.kr,055-320-1600,055-320-1666
나사렛대학교,본교,충남,사립,충청남도 천안시 서북구 월봉로 48 (쌍용동. 나사렛대학교) ,www.kornu.ac.kr,041-570-7871,041-570-7725
남부대학교,본교,광주,사립,광주광역시 광산구 남부대길 1 (월계동) ,www.nambu.ac.kr,062-970-0001,062-972-6200
남서울대학교,본교,충남,사립,충청남도 천안시 서북구 성환읍 대학로 91 (매주리. 남서울대학교) ,www.nsu.ac.kr/,041-580-2000,041-582-2117
농협대학교,본교,경기,사립,경기도 고양시 덕양구 서삼릉길 281 (원당동. 농협대학) ,www.nonghyup.ac.kr,031-960-4000,031-960-4333
단국대학교,본교,경기,사립,경기도 용인시 수지구 죽전로 152 (죽전동. 단국대학교) ,www.dankook.ac.kr,1899-3700,031-8021-7106
단국대학교,제2캠퍼스,충남,사립,충청남도 천안시 동남구 단대로 119 (안서동. 단국대학교천안캠퍼스) ,www.dankook.ac.kr,1899-3700,031-8021-7106
대경대학교,본교,경북,사립,경상북도 경산시 자인면 단북1길 65 (단북리. 대경대학) ,www.tk.ac.kr,053-850-1000,053-850-1214
대구가톨릭대학교,본교,경북,사립,경상북도 경산시 하양읍 하양로 13-13 (금락리. 대구가톨릭대학교) ,www.cu.ac.kr,053-850-3114,053-359-7000
대구경북과학기술원,본교,대구,특별법법인,대구광역시 달성군 현풍면 테크노중앙대로 333 (상리) ,www.dgist.ac.kr,053-785-0114,053-785-1219
대구공업대학교,본교,대구,사립,대구광역시 달서구 송현로 205 (본동. 대구공업대학) ,www.ttc.ac.kr,053-527-0501-5,053-527-0506
대구과학대학교,본교,대구,사립,대구광역시 북구 영송로 47 (태전동. 대구과학대학) ,www.tsu.ac.kr,053-320-1114,053-320-1045
대구교육대학교,본교,대구,국립,대구광역시 남구 중앙대로 219 (대명동. 대구교육대학교) ,www.dnue.ac.kr,053-620-1202,053-651-5369
대구대학교,본교,경북,사립,경상북도 경산시 진량읍 대구대로 201 (내리리. 대구대학교경산캠퍼스) ,www.daegu.ac.kr,053-850-5000,053-850-5009
대구보건대학교,본교,대구,사립,대구광역시 북구 영송로 15 (태전동. 대구보건대학) ,www.dhc.ac.kr,053-320-1300,053-320-1239
대구사이버대학교,본교,경북,사립,경상북도 경산시 진량읍 대구대로 201 (내리리. 대구대학교경산캠퍼스) ,www.dcu.ac.kr,053-859-7500,053-859-7599
대구예술대학교,본교,경북,사립,경상북도 칠곡군 가산면 다부거문1길 202 (다부리. 대구예술대학교) ,www.dgau.ac.kr,054-970-5311,054-973-5319
대구한의대학교,본교,경북,사립,경상북도 경산시 한의대로 1 (유곡동. 대구한의대학교) ,www.dhu.ac.kr,053-819-1000,053-819-1258
대덕대학교,본교,대전,사립,대전광역시 유성구 가정북로 68 (장동. 대덕대학) ,www.ddu.ac.kr,042-866-0200.0487,042-866-0445
대동대학교,본교,부산,사립,부산광역시 금정구 동부곡로27번길 88 (부곡동. 대동대학교) ,www.daedong.ac.kr,051-518-5444,051-514-5847
대림대학교,본교,경기,사립,경기도 안양시 동안구 임곡로 29 (비산동. 대림대학교) ,www.daelim.ac.kr,031-467-4756,031-446-8729
대신대학교,본교,경북,사립,경상북도 경산시 경청로222길 33 (백천동. 대신대학교) ,www.daeshin.ac.kr,053-810-0701,053-813-0006
대원대학교,본교,충북,사립,충청북도 제천시 대학로 316 (신월동. 대원대학) ,www.daewon.ac.kr,043-645-9171,043-645-9170
대전가톨릭대학교,본교,세종,사립,세종특별자치시 전의면 가톨릭대학로 30 (신방리. 대전가톨릭대학교) ,dcatholic.ac.kr,044-861-7101,044-861-7106
대전과학기술대학교,본교,대전,사립,대전광역시 서구 혜천로 100 (복수동. 대전과학기술대학교) ,www.dst.ac.kr,042-580-6114,042-580-6159
대전대학교,본교,대전,사립,대전광역시 동구 대학로 62 (용운동. 대전대학교) ,www.dju.ac.kr,042-280-2114,042-283-8808
대전보건대학교,본교,대전,사립,대전광역시 동구 충정로 21 (가양동. 대전보건대학) ,www.hit.ac.kr,042-670-9000,042-670-9049
대전신학대학교,본교,대전,사립,대전광역시 대덕구 한남로 41 (오정동. 대전신학대학교) ,www.daejeon.ac.kr,042-606-0114,042-621-0821
대진대학교,본교,경기,사립,경기도 포천시 호국로 1007 (선단동. 대진대학교) ,www.daejin.ac.kr,031-539-1114,031-539-1115
덕성여자대학교,본교,서울,사립,서울특별시 도봉구 삼양로144길 33 (쌍문동. 덕성여자대학교) ,www.duksung.ac.kr,02-901-8000,02-908-2251
동강대학교,본교,광주,사립,광주광역시 북구 동문대로 50 (풍향동. 동강대학) ,www.dkc.ac.kr,062-520-2212,062-520-2216
동국대학교,본교,서울,사립,서울특별시 중구 필동로1길 30 (장충동2가. 동국대학교) ,www.dongguk.edu,02-2260-3114,02-2277-1274
동국대학교(경주),분교,경북,사립,경상북도 경주시 동대로 123 (석장동. 동국대학교경주캠퍼스) ,web.dongguk.ac.kr,054-770-2844,054-770-2846
동남보건대학교,본교,경기,사립,경기도 수원시 장안구 천천로74번길 50 (정자동. 동남보건전문대학) ,www.dongnam.ac.kr,031-249-6333,031-249-6349
동덕여자대학교,본교,서울,사립,서울특별시 성북구 화랑로13길 60 (하월곡동. 동덕여자대학교) ,www.dongduk.ac.kr,02-940-4000,02-940-4182
동명대학교,본교,부산,사립,부산광역시 남구 신선로 428 (용당동. 동명대학교) ,www.tu.ac.kr,051-629-1000,051-629-0619
동서대학교,본교,부산,사립,부산광역시 사상구 주례로 47 (주례동. 동서대학교) ,www.dongseo.ac.kr,051-313-2001~4,051-313-1046
동서울대학교,본교,경기,사립,경기도 성남시 수정구 복정로 76 (복정동. 동서울대학) ,www.du.ac.kr,031-720-2114,031-721-1999
동신대학교,본교,전남,사립,전라남도 나주시 동신대길 67 (대호동) ,www.dsu.ac.kr,061-330-3114,061-330-2909
동아대학교,본교,부산,사립,부산광역시 사하구 낙동대로550번길 37 (하단동. 동아대학교) ,www.donga.ac.kr,051-200-6114,051-205-5788
동아방송예술대학교,본교,경기,사립,경기도 안성시 삼죽면 동아예대길 47 (진촌리. 동아방송예술대학교) ,www.dima.ac.kr,031-670-6600,031-670-6879
동아보건대학교,본교,전남,사립,전라남도 영암군 학산면 영산로 76-57 (독천리. 동아보건대학교) ,www.duh.ac.kr,061-470-1700,061-470-1615
동양대학교,본교,경북,사립,경상북도 영주시 풍기읍 동양대로 145 (산법리. 동양대학교) ,www.dyu.ac.kr,054-630-1114,054-636-8523
동양미래대학교,본교,서울,사립,서울특별시 구로구 경인로 445 (고척동. 동양미래대학) ,www.dongyang.ac.kr/,02-2610-1700,02-2688-5494
동원과학기술대학교,본교,경남,사립,경상남도 양산시 명곡로 321 (명곡동. 동원과학기술대학교) ,www.dist.ac.kr,055-370-8100,055-386-2000
동원대학교,본교,경기,사립,경기도 광주시 곤지암읍 경충대로 26 (신촌리. 동원대학) ,www.tw.ac.kr,1544-4114,031-763-9149
동의과학대학교,본교,부산,사립,부산광역시 부산진구 양지로 54 (양정동. 동의과학대학) ,www.dit.ac.kr,051-852-0011~3,051-860-3270
동의대학교,본교,부산,사립,부산광역시 부산진구 엄광로 176 (가야동. 동의대학교) ,www.deu.ac.kr,051-890-1114,051-890-1234
동주대학교,본교,부산,사립,부산광역시 사하구 사리로55번길 16 (괴정동. 동주대학) ,www.dongju.ac.kr,051-200-3300,051-201-5420
두원공과대학교,본교,경기,사립,경기도 안성시 죽산면 관음당길 51 (장원리. 두원공과대학교) ,www.doowon.ac.kr,031-8056-7000,031-8056-7100
디지털서울문화예술대학교,본교,서울,사립,서울특별시 서대문구 통일로37길 60 (홍제동. 디지털서울문화예술대학교) ,www.scau.ac.kr,02-2287-0353,02-6902-0659
루터대학교,본교,경기,사립,경기도 용인시 기흥구 금화로82번길 20 (상갈동. 루터대학교) ,www.ltu.ac.kr,031-679-2300,031-283-1505
마산대학교,본교,경남,사립,경상남도 창원시 마산회원구 내서읍 함마대로 2640 (용담리. 마산대학) ,www.masan.ac.kr,055-230-1212,055-231-1177
명지대학교,본교,경기,사립,경기도 용인시 처인구 명지로 116 (남동. 명지대학교용인캠퍼스) ,www.mju.ac.kr,1577-0020,031-332-2459
명지대학교,제2캠퍼스,서울,사립,서울특별시 서대문구 거북골로 34 (남가좌동. 명지대학교) ,www.mju.ac.kr,1577-0020,02-300-1556
명지전문대학,본교,서울,사립,서울특별시 서대문구 가좌로 134 (홍은동. 명지전문대학) ,www.mjc.ac.kr,02-300-1000,02-304-4832
목원대학교,본교,대전,사립,대전광역시 서구 도안북로 88 (도안동. 목원대학교) ,www.mokwon.ac.kr,042-829-7114,042-825-5020
목포가톨릭대학교,본교,전남,사립,전라남도 목포시 영산로 697 (석현동. 목포가톨릭대학교) ,www.mcu.ac.kr,061-280-5102,061-280-5109
목포과학대학교,본교,전남,사립,전라남도 목포시 영산로 413-1 (상동. 목포과학대학) ,www.msu.ac.kr,061-278-8651~8,061-279-8838
목포대학교,본교,전남,국립,전라남도 무안군 청계면 영산로 1666 (도림리. 목포대학교) ,www.mokpo.ac.kr,061-450-2114,061-452-4793
목포해양대학교,본교,전남,국립,전라남도 목포시 해양대학로 91 (죽교동. 목포해양대학교) ,www.mmu.ac.kr,061-240-7114,061-242-5176
문경대학교,본교,경북,사립,경상북도 문경시 호계면 대학길 161 (별암리) ,www.mkc.ac.kr,054-559-1114,054-559-1059
배재대학교,본교,대전,사립,대전광역시 서구 배재로 155-40 (도마동. 배재대학교) ,www.pcu.ac.kr,042-520-5114,042-533-7354
배화여자대학교,본교,서울,사립,서울특별시 종로구 필운대로1길 34 (필운동. 배화여자대학) ,www.baewha.ac.kr,02-399-0700,02-737-8431
백석대학교,본교,충남,사립,충청남도 천안시 동남구 백석대학로 1 (안서동) ,www.bu.ac.kr,041-550-9114,041-550-9113
백석문화대학교,본교,충남,사립,충청남도 천안시 동남구 백석대학로 1 (안서동) ,www.bscu.ac.kr,041-550-0700,041-550-9113
백제예술대학교,본교,전북,사립,전라북도 완주군 봉동읍 백제대학로 171 (제내리. 백제예술대학) ,www.paekche.ac.kr,063-260-9114,063-263-3607
부경대학교,본교,부산,국립,부산광역시 남구 용소로 45 (대연동. 부경대학교대연캠퍼스) ,www.pknu.ac.kr,051-629-4114,051-629-5089
부산가톨릭대학교,본교,부산,사립,부산광역시 금정구 오륜대로 57 (부곡동. 부산가톨릭대학교) ,www.cup.ac.kr,051-515-5811,051-514-1576
부산경상대학교,본교,부산,사립,부산광역시 연제구 고분로 170 (연산동. 부산경상대학) ,www.bsks.ac.kr,051-850-1000,051-850-1133
부산과학기술대학교,본교,부산,사립,부산광역시 북구 시랑로132번길 88 (구포동. 부산과학기술대학교) ,bist.ac.kr,051-334-6666,051-330-7027
부산교육대학교,본교,부산,국립,부산광역시 연제구 교대로 24 (거제동. 부산교육대학교) 교무처,www.bnue.ac.kr,051-500-7141,051-505-4908
부산대학교,본교,부산,국립,부산광역시 금정구 부산대학로63번길 2 (장전동. 부산대학교) ,www.pusan.ac.kr,051-512-0311,051-512-3368
부산디지털대학교,본교,부산,사립,부산광역시 사상구 주례로 57 (주례동. 부산디지털대학교) ,www.bdu.ac.kr,051-320-2785,051-320-2787
부산여자대학교,본교,부산,사립,부산광역시 부산진구 진남로 506 (양정동. 부산여자대학) ,www.bwc.ac.kr,051)852-0081~5,051)867-4705
부산예술대학교,본교,부산,사립,부산광역시 남구 못골번영로71번길 74 (대연동. 부산예술대학) ,www.busanarts.ac.kr,051-628-3991,051-628-2719
부산외국어대학교,본교,부산,사립,부산광역시 금정구 금샘로485번길 65 (남산동. 부산외국어대학교) ,www.bufs.ac.kr,051-509-5000,051-509-5005
부산장신대학교,본교,경남,사립,경상남도 김해시 김해대로 1894-68 (구산동) ,www.bpu.ac.kr,055-320-2500,055-339-1161
부천대학교,본교,경기,사립,경기도 부천시 원미구 신흥로56번길 25 (심곡동. 부천대학) ,www.bc.ac.kr,032-610-0114,032-663-0114
사이버한국외국어대학교,본교,서울,사립,서울특별시 동대문구 이문로 107 (이문동. 한국외국어대학교) ,www.cufs.ac.kr,02-2173-2580,02-966-6183
삼육대학교,본교,서울,사립,서울특별시 노원구 화랑로 815 (공릉동. 삼육대학교) ,www.syu.ac.kr,02-3399-3636,02-979-5318
삼육보건대학교,본교,서울,사립,서울특별시 동대문구 망우로 82 (휘경동. 삼육보건대학) 삼육보건대학교,www.shu.ac.kr,02-2212-0082,02-2215-2380
상명대학교,본교,서울,사립,서울특별시 종로구 홍지문2길 20 (홍지동. 상명대학교) ,www.smu.ac.kr,02-2287-5114,02-2287-0015
상명대학교,제2캠퍼스,충남,사립,충청남도 천안시 동남구 상명대길 31 (안서동. 상명대학교천안캠퍼스) ,www.smuc.ac.kr,041-550-5114,041-550-5032
상지대학교,본교,강원,사립,강원도 원주시 상지대길 83 (우산동. 상지대학교) ,www.sangji.ac.kr,033-730-0114,033-745-2433
서강대학교,본교,서울,사립,서울특별시 마포구 백범로 35 (신수동. 서강대학교) ,www.sogang.ac.kr,02-705-8114,02-705-8112
서경대학교,본교,서울,사립,서울특별시 성북구 서경로 124 (정릉동. 서경대학교) ,www.skuniv.ac.kr,02-940-7114,02-919-0345
서라벌대학교,본교,경북,사립,경상북도 경주시 태종로 478-20 (충효동. 서라벌대학) ,home.sorabol.ac.kr/,054-770-3500,054-741-5429
서영대학교,본교,광주,사립,광주광역시 북구 서강로 1 (운암동. 서영대학교) ,www.seoyeong.ac.kr,062-520-5114,062-523-4606
서울과학기술대학교,본교,서울,국립,서울특별시 노원구 공릉로 232 (공릉동. 서울과학기술대학교) ,www.seoultech.ac.kr,02-970-6114,02-970-6088
서울교육대학교,본교,서울,국립,서울특별시 서초구 서초중앙로 96 (서초동. 서울교육대학교) ,www.snue.ac.kr,02-3475-2114,02-581-7711
서울기독대학교,본교,서울,사립,서울특별시 은평구 갈현로4길 26-2 (신사동. 서울기독대학교) ,www.scu.ac.kr,02-380-2500,02-380-2535
서울대학교,본교,서울,국립대법인,서울특별시 관악구 관악로 1 (신림동. 서울대학교) ,www.snu.ac.kr,02-880-5114,02-885-5272
서울디지털대학교,본교,서울,사립,서울특별시 강서구 공항대로 424 (화곡동. 서울디지털대학교) ,www.sdu.ac.kr,02-2128-3096,02-2128-3006
서울사이버대학교,본교,서울,사립,서울특별시 강북구 솔매로49길 60 (미아동. 서울사이버대학교) ,www.iscu.ac.kr,02-944-5000,02-980-2222
서울시립대학교,본교,서울,공립,서울특별시 동대문구 서울시립대로 163 (전농동. 서울시립대학교) ,www.uos.ac.kr,02-6490-6114,02-6490-6439
서울신학대학교,본교,경기,사립,경기도 부천시 소사구 호현로489번길 52 (소사본동. 서울신학대학교) ,www.stu.ac.kr,032-340-9114,032-349-9400
서울여자간호대학교,본교,서울,사립,서울특별시 서대문구 간호대로 38 (홍제동. 서울여자간호대학교) ,www.snjc.ac.kr,02-2287-1771,02-395-8018
서울여자대학교,본교,서울,사립,서울특별시 노원구 화랑로 621 (공릉동. 서울여자대학교) ,www.swu.ac.kr,02-970-5114,02-3399-2843
서울예술대학교,본교,경기,사립,경기도 안산시 단원구 예술대학로 171 (고잔동. 서울예술대학) ,www.seoularts.ac.kr,031-412-7100,031-412-7149
서울장신대학교,본교,경기,사립,경기도 광주시 경안로 145 (경안동. 서울장신대학교) ,www.sjs.ac.kr,031-799-9113,031-765-1232
서울한영대학교,본교,서울,사립,서울특별시 구로구 경인로 290-42 (개봉동) ,shyu.ac.kr,02-2669-2200,02-2669-2211
서원대학교,본교,충북,사립,충청북도 청주시 서원구 무심서로 377-3 (모충동. 서원대학교) ,www.seowon.ac.kr,043-299-8114,043-283-8822
서일대학교,본교,서울,사립,서울특별시 중랑구 용마산로90길 28 (면목동) ,www.seoil.ac.kr,02-490-7300,02-490-7348
서정대학교,본교,경기,사립,경기도 양주시 은현면 서정로 27 ,www.seojeong.ac.kr,031-859-6900,031-859-6904
선린대학교,본교,경북,사립,경상북도 포항시 북구 흥해읍 초곡길36번길 30 (초곡리. 선린대학) ,www.sunlin.ac.kr,054-260-5000,054-261-9455
선문대학교,본교,충남,사립,충청남도 아산시 탕정면 선문로221번길 70 (갈산리. 선문대학교) ,www.sunmoon.ac.kr,041-530-2114,041-541-7424
성결대학교,본교,경기,사립,경기도 안양시 만안구 성결대학로 53 (안양동. 성결대학교) ,www.sungkyul.ac.kr,031-467-8114,031-449-0529
성공회대학교,본교,서울,사립,서울특별시 구로구 연동로 320 (항동. 성공회대학교) ,www.skhu.ac.kr,02-2610-4114,02-2610-4248
성균관대학교,본교,서울,사립,서울특별시 종로구 성균관로 25-2 (명륜3가. 성균관대학교) ,www.skku.edu,02-760-0114,02-760-1141
성신여자대학교,본교,서울,사립,서울특별시 성북구 보문로34다길 2 (돈암동. 성신여자대학교) ,www.sungshin.ac.kr,02-920-7114,02-920-2018
성운대학교,본교,경북,사립,경상북도 영천시 신녕면 대학길 105 (화남리. 성덕대학교) ,www.sw.ac.kr,054-330-8800,054-330-8810
세경대학교,본교,강원,사립,강원도 영월군 영월읍 하송로 197 (하송리. 세경대학) ,www.saekyung.ac.kr,033-371-3000,033-371-3029
세명대학교,본교,충북,사립,충청북도 제천시 세명로 65 (신월동. 세명대학교) ,www.semyung.ac.kr,043-645-1125,043-644-2111
세종대학교,본교,서울,사립,서울특별시 광진구 능동로 209 (군자동. 세종대학교) ,www.sejong.ac.kr,02-3408-3114,02-3408-3906
세종사이버대학교,본교,서울,사립,서울특별시 광진구 군자로 121 (군자동. 세종사이버대학) ,sjcu.ac.kr/,02-2204-8034,02-2204-8036
세한대학교,본교,전남,사립,전라남도 영암군 삼호읍 녹색로 1113 (산호리. 세한대학교) ,www.sehan.ac.kr,061-469-1114,061-462-2510
송곡대학교,본교,강원,사립,강원도 춘천시 남산면 송곡대학길 34 (창촌리. 송곡대학교) ,www.songgok.ac.kr,033-260-3600,033-261-4599
송원대학교,본교,광주,사립,광주광역시 남구 송암로 73 (송하동. 송원대학) ,www.songwon.ac.kr,062-360-5700,062-360-5756
송호대학교,본교,강원,사립,강원도 횡성군 횡성읍 남산로 210 (남산리. 송호대학교) ,www.songho.ac.kr,033-340-1000,033-340-1006
수성대학교,본교,대구,사립,대구광역시 수성구 달구벌대로528길 15 (만촌동. 수성대학교) ,www.sc.ac.kr,053-749-7000,053-751-1823
수원가톨릭대학교,본교,경기,사립,경기도 화성시 봉담읍 왕림1길 67 (왕림리. 수원가톨릭대학교) ,www.suwoncatholic.ac.kr,031-290-8822,031-227-4526
수원과학대학교,본교,경기,사립,경기도 화성시 정남면 세자로 288 (보통리. 수원과학대학) ,www.ssc.ac.kr/index.jsp,031-350-2000,031-354-8988
수원대학교,본교,경기,사립,경기도 화성시 봉담읍 와우안길 17 (와우리. 수원대학교) ,www.suwon.ac.kr,031-220-2114,02-745-8545
수원여자대학교,본교,경기,사립,경기도 수원시 권선구 온정로 72 (오목천동. 수원여자대학) ,www.swc.ac.kr,031-290-8042,031-290-8297
숙명여자대학교,본교,서울,사립,서울특별시 용산구 청파로47길 90 (청파동2가. 숙명여자대학교) ,www.sookmyung.ac.kr/,02-710-9114,02-2077-7481
순복음총회신학교,본교,충북,사립,충청북도 제천시 덕산면 도전로 320 (도전리) ,www.kcc.ac.kr,043-645-5571,043-642-4530
순천대학교,본교,전남,국립,전라남도 순천시 중앙로 255 (석현동. 순천대학교) ,www.scnu.ac.kr/SCNU/main.do,061-750-3114,061-750-3117
순천제일대학교,본교,전남,사립,전라남도 순천시 제일대학길 17 (덕월동. 순천제일대학) ,www.suncheon.ac.kr,061-740-1234,061-743-5106
순천향대학교,본교,충남,사립,충청남도 아산시 신창면 순천향로 22 (읍내리. 순천향대학교) ,http://www.sch.ac.kr/,041-530-1114,041-542-4615
숭실대학교,본교,서울,사립,서울특별시 동작구 상도로 369 (상도동. 숭실대학교) ,www.ssu.ac.kr,02-820-0114,02-828-7143
숭실사이버대학교,본교,서울,사립,서울특별시 종로구 삼일대로30길 23 (익선동. BIZWELL종로오피스텔) ,www.kcu.ac,02-708-7700,02-708-7755
숭의여자대학교,본교,서울,사립,서울특별시 중구 소파로2길 10 (예장동. 숭의여자대학) ,www.sewc.ac.kr,02-3708-9052,02-773-2625
신경대학교,본교,경기,사립,경기도 화성시 남양읍 남양중앙로 400-5 (남양리. 신경대학교) ,www.sgu.ac.kr/,031-369-9112,031-369-9116
신구대학교,본교,경기,사립,경기도 성남시 중원구 광명로 377 (금광동. 신구대학) ,www.shingu.ac.kr,031-740-1114,031-734-0905
신라대학교,본교,부산,사립,부산광역시 사상구 백양대로700번길 140 (괘법동. 신라대학교) ,www.silla.ac.kr,051-999-5000,051-999-5800
신성대학교,본교,충남,사립,충청남도 당진시 정미면 대학로 1 (덕마리. 신성대학교) ,www.shinsung.ac.kr,041-350-1114,041-350-1075
신안산대학교,본교,경기,사립,경기도 안산시 단원구 신안산대학로 135 (초지동. 신안산대학교) ,www.sau.ac.kr,031-490-6000,031-495-7828
신한대학교,본교,경기,사립,경기도 동두천시 벌마들로40번길 30 (상패동. 신한대학교) ,www.shinhan.ac.kr/,031-870-2900,031-870-2939
신한대학교,제2캠퍼스,경기,사립,경기도 의정부시 호암로 95 (호원동. 신한대학교) ,www.shinhan.ac.kr/,031-870-3114,031-870-3327
아신대학교,본교,경기,사립,경기도 양평군 옥천면 경강로 1276 아신대학교,www.acts.ac.kr,031-770-7700,031-772-5479
아주대학교,본교,경기,사립,경기도 수원시 영통구 월드컵로 206 (원천동. 아주대학교) ,www.ajou.ac.kr,031-219-2114,031-213-5158
아주자동차대학,본교,충남,사립,충청남도 보령시 주포면 대학길 106 (관산리. 아주자동차대학) ,www.motor.ac.kr,041-939-3008,041-939-3457
안동과학대학교,본교,경북,사립,경상북도 안동시 서후면 서선길 189 (교리. 안동과학대학교) ,www.asc.ac.kr,054-851-3500,054-852-9907
안동대학교,본교,경북,국립,경상북도 안동시 경동로 1375 (송천동. 안동대학교) ,www.andong.ac.kr/main/index.do,054-820-5114,054-820-7115
안산대학교,본교,경기,사립,경기도 안산시 상록구 안산대학로 155 (일동. 안산대학교) ,www.ansan.ac.kr,031-400-6900. 7000,031-419-8390
안양대학교,본교,경기,사립,경기도 안양시 만안구 삼덕로37번길 22 (안양동. 안양대학교) ,www.anyang.ac.kr/main.do,031-467-0700,031-467-0778
안양대학교,제2캠퍼스,인천,사립,인천광역시 강화군 불은면 중앙로 602-14 (삼성리. 안양대학교강화캠퍼스) ,www.anyang.ac.kr/main.do,032-930-6000,032-930-6215
여주대학교,본교,경기,사립,경기도 여주시 세종로 338 (교동. 여주대학교) ,www.yit.ac.kr,031-880-5000,031-883-5113
연성대학교,본교,경기,사립,경기도 안양시 만안구 양화로37번길 34 (안양동. 연성대학교) ,www.yeonsung.ac.kr,031-441-2168,031-441-2170
연세대학교,본교,서울,사립,서울특별시 서대문구 연세로 50 (신촌동. 연세대학교) ,www.yonsei.ac.kr,1599-1885,02-2123-8608
연세대학교(미래),분교,강원,사립,강원도 원주시 흥업면 연세대길 1 연세대학교 미래캠퍼스,www.yonsei.ac.kr/wj,033-760-2114,033-762-4332
연암공과대학교,본교,경남,사립,경남 진주시 진주대로 629번길 35(가좌동. 연암공과대학교) ,www.yc.ac.kr,055-751-2000,055-751-2096
연암대학교,본교,충남,사립,충청남도 천안시 서북구 성환읍 연암로 313 (수향리. 천안연암대학) ,www.yonam.ac.kr,041-580-1114,041-581-0401
영남대학교,본교,경북,사립,경상북도 경산시 대학로 280 (대동. 영남대학교) ,www.yu.ac.kr,053-810-2114,053-810-2036
영남신학대학교,본교,경북,사립,경상북도 경산시 진량읍 봉회1길 26 (봉회리. 영남신학대학교) ,www.ytus.ac.kr,053-850-0500,053-852-9815
영남외국어대학,본교,경북,사립,경상북도 경산시 남천면 남천로 780-9 (협석리. 영남외국어대학) ,www.yflc.ac.kr,053-810-0100,053-810-0199
영남이공대학교,본교,대구,사립,대구광역시 남구 현충로 170 (대명동. 영남이공대학) ,www.ync.ac.kr,053-650-9114,053-624-7871
영산대학교,본교,경남,사립,경상남도 양산시 주남로 288 (주남동) 영산대학교 양산캠퍼스,www.ysu.ac.kr,055-380-9114,055-366-4374
영산대학교,제2캠퍼스,부산,사립,부산광역시 해운대구 반송순환로 142 (반송동) 영산대학교 해운대캠퍼스,www.ysu.ac.kr,051-540-7000,051-543-9347
영산선학대학교,본교,전남,사립,전라남도 영광군 백수읍 성지로 1357 (길용리) ,www.youngsan.ac.kr,061-350-6015,061-350-6040
영진사이버대학교,본교,대구,사립,대구광역시 북구 복현로 35 (복현동. 영진전문대학) ,www.ycc.ac.kr,053-940-5500,053-940-5614
영진전문대학교,본교,대구,사립,대구광역시 북구 복현로 35 (복현동. 영진전문대학) ,www.yju.ac.kr,053-940-5132,053-939-1050
예수대학교,본교,전북,사립,전라북도 전주시 완산구 서원로 383 (중화산동1가. 예수대학교) ,www.jesus.ac.kr,063-230-7700,063-286-2216
예원예술대학교,본교,전북,사립,전라북도 임실군 신평면 창인로 117 (창인리. 예원예술학교) ,www.yewon.ac.kr,063-640-7114,063-640-7773
예원예술대학교,제2캠퍼스,경기,사립,경기도 양주시 은현면 예원대학로 56 ,www.yewon.ac.kr,031-869-0526,031-859-8114
오산대학교,본교,경기,사립,경기도 오산시 청학로 45 (청학동. 오산대학) ,www.osan.ac.kr,031-370-2500,031-373-7388
용인대학교,본교,경기,사립,경기도 용인시 처인구 용인대학로 134 (삼가동. 용인대학교) ,www.yongin.ac.kr,031-8020-3114,031-332-6479
용인예술과학대학교,본교,경기,사립,경기도 용인시 처인구 동부로 61 (마평동. 용인송담대학교) ,www.ysc.ac.kr,031-330-9000,031-336-9535
우석대학교,본교,전북,사립,전라북도 완주군 삼례읍 삼례로 443 (후정리. 우석대학교) ,www.woosuk.ac.kr,063-290-1114,063-291-9312
우송대학교,본교,대전,사립,대전광역시 동구 동대전로 171 (자양동. 우송정보대학) ,www.wsu.ac.kr,042-630-9600,042-631-2346
우송정보대학,본교,대전,사립,대전광역시 동구 백룡로 59(자양동 101-17) 우송정보대학 ,www.wsi.ac.kr,042-629-6114,042-629-6653
울산과학기술원,본교,울산,특별법법인,울산광역시 울주군 언양읍 유니스트길 50 (반연리. 울산과학기술원) ,www.unist.ac.kr,052-217-0114,052-217-1149
울산과학대학교,본교,울산,사립,울산광역시 동구 봉수로 101 (화정동. 울산과학대학동부캠퍼스) ,www.uc.ac.kr,052-230-0500,052-234-9300
울산대학교,본교,울산,사립,울산광역시 남구 대학로 93 (무거동. 울산대학교) ,www.ulsan.ac.kr,052-277-3101,052-277-1534
웅지세무대학교,본교,경기,사립,경기도 파주시 탄현면 웅지로144번길 73 (금승리. 웅지세무대학) ,www.wat.ac.kr,031-940-3114,031-940-3199
원광대학교,본교,전북,사립,전라북도 익산시 익산대로 460 (신동. 원광대학교) ,www.wonkwang.ac.kr,063-850-5114,063-850-6666
원광디지털대학교,본교,전북,사립,전라북도 익산시 익산대로 460 (신동. 원광디지털대학교) ,www.wdu.ac.kr,070-5227-3410,063-843-2855
원광보건대학교,본교,전북,사립,전라북도 익산시 익산대로 514 (신용동. 원광보건대학) ,www.wu.ac.kr,063-840-1114,063-840-1567
위덕대학교,본교,경북,사립,경상북도 경주시 강동면 동해대로 261 (유금리. 위덕대학교) ,www.uu.ac.kr,054-760-1096,054-760-1059
유원대학교,본교,충북,사립,충청북도 영동군 영동읍 대학로 310 ,www.U1.ac.kr,043-740-1114,043-740-1029
유한대학교,본교,경기,사립,경기도 부천시 소사구 경인로 590 (괴안동. 유한대학) ,www.yuhan.ac.kr,02-2610-0600,02-2614-6398
을지대학교,본교,대전,사립,대전광역시 중구 계룡로771번길 77 (목동. 을지대학교대전캠퍼스) ,www.eulji.ac.kr,1899-0001,042-259-1539
을지대학교,제2캠퍼스,경기,사립,경기도 성남시 수정구 산성대로 553 (양지동. 을지대학교) ,www.eulji.ac.kr,031-740-7424,031-740-7469
을지대학교,제3캠퍼스,경기,사립,경기도 의정부시 동일로 712 (금오동) ,www.eulji.ac.kr,031-951-3611,031-951-3912
이화여자대학교,본교,서울,사립,서울특별시 서대문구 이화여대길 52 (대현동. 이화여자대학교) ,www.ewha.ac.kr,02-3277-2114,02-3277-3301
인덕대학교,본교,서울,사립,서울특별시 노원구 초안산로 12 (월계동. 인덕대학) ,www.induk.ac.kr,02-950-7000,02-906-5340
인제대학교,본교,경남,사립,경상남도 김해시 인제로 197 (어방동. 인제대학교) ,www.inje.ac.kr,055-334-7111~8,055-334-0712
인제대학교,제2캠퍼스,부산,사립,부산광역시 부산진구 복지로 75 (개금동. 백병원) ,www.inje.ac.kr,051-894-3421,051-895-1864
인천가톨릭대학교,제2캠퍼스,인천,사립,인천광역시 연수구 송도문화로120번길 20 (송도동) 인천가톨릭대학교,www.iccu.ac.kr,032-830-7000,032-830-7025
인천가톨릭대학교,본교,인천,사립,인천광역시 강화군 양도면 고려왕릉로 53-1 (도장리. 인천가톨릭대학교) ,www.iccu.ac.kr,032-930-8000,032-937-8118
인천대학교,본교,인천,국립대법인,인천광역시 연수구 아카데미로 119 (송도동. 인천대학교) ,www.inu.ac.kr ,032-835-8114,032-835-0713
인천재능대학교,본교,인천,사립,인천광역시 동구 재능로 178 (송림동. 재능대학) ,www.jeiu.ac.kr,032-890-7000,032-890-7065
인하공업전문대학,본교,인천,사립,인천광역시 미추홀구 인하로 100 (용현동. 인하대.인하공전.정석항공고) 인하공업전문대학,www.inhatc.ac.kr,032-870-2114.2115,032-870-2489
인하대학교,본교,인천,사립,인천광역시 미추홀구 인하로 100(용현동) 인하대학교,www.inha.ac.kr,032-860-7114,032-863-1333
장로회신학대학교,본교,서울,사립,서울특별시 광진구 광장로5길 25-1 (광장동. 장로회신학대학교) ,www.puts.ac.kr,02-450-0700,02-452-3460
장안대학교,본교,경기,사립,경기도 화성시 봉담읍 삼천병마로 1182 (상리. 장안대학) ,www.jangan.ac.kr,031-299-3000,031-227-1953
전남과학대학교,본교,전남,사립,전라남도 곡성군 옥과면 대학로 113 (옥과리) ,www.cntu.ac.kr,061-360-5000,061-363-5020
전남대학교,본교,광주,국립,광주광역시 북구 용봉로 45 (용봉동. 전남대학교) ,www.chonnam.ac.kr,062-530-5114,062-530-1189
전남대학교,제2캠퍼스,전남,국립,전라남도 여수시 대학로 50 (둔덕동. 전남대학교여수캠퍼스) ,www.chonnam.ac.kr,061-659-6114,061-659-7003
전남도립대학교,본교,전남,공립,전라남도 담양군 담양읍 죽녹원로 152 (향교리. 전남도립대학) ,www.dorip.ac.kr,061-380-8419,061-381-9100
전북과학대학교,본교,전북,사립,전라북도 정읍시 정읍사로 509 (시기동. 전북과학대학) ,www.jbsc.ac.kr,063-530-9114,063-532-3768
전북대학교,본교,전북,국립,전라북도 전주시 덕진구 백제대로 567 (금암동. 전북대학교) ,www.jbnu.ac.kr,063-270-2114,063-276-0429
전주교육대학교,본교,전북,국립,전라북도 전주시 완산구 서학로 50 (동서학동. 전주교육대학교) ,www.jnue.kr,063-281-7114,063-281-0102
전주기전대학,본교,전북,사립,전라북도 전주시 완산구 전주천서로 267 (중화산동1가. 전주기전대학) ,www.kijeon.ac.kr,063-280-5208,063-231-6415
전주대학교,본교,전북,사립,전라북도 전주시 완산구 천잠로 303 (효자동2가. 전주대학교) ,www.jj.ac.kr,1577-7177,063-220-2072
전주비전대학교,본교,전북,사립,전라북도 전주시 완산구 천잠로 235 (효자동2가. 전주비전대학) ,www.jvision.ac.kr,063-220-4114,063-220-3629
정석대학,본교,서울,사립,서울특별시 강서구 오정로 576 (공항동) ,,02-2660-5392,02-2660-5394
제주관광대학교,본교,제주,사립,제주특별자치도 제주시 애월읍 평화로 2715 (광령리. 제주관광대학) ,www.jtu.ac.kr,064-740-8700,064-748-2829
제주국제대학교,본교,제주,사립,제주특별자치도 제주시 516로 2870 (영평동) ,www.jeju.ac.kr,064-754-0218,064-702-8330
제주대학교,본교,제주,국립,제주특별자치도 제주시 제주대학로 102 (아라일동. 제주대학교) ,www.jejunu.ac.kr,064-754-2114. 8217,064-755-8562
제주한라대학교,본교,제주,사립,제주특별자치도 제주시 한라대학로 38 (노형동. 제주한라대학) ,www.chu.ac.kr,064-741-7575,064-747-3989
조선간호대학교,본교,광주,사립,광주광역시 동구 필문대로 309-2 (서석동. 조선간호대학교) ,www.cnc.ac.kr,062-231-7000,062-231-7019
조선대학교,본교,광주,사립,광주광역시 동구 필문대로 309 (서석동. 조선대학교) ,www.chosun.ac.kr,062-230-7114,062-232-8834
조선이공대학교,본교,광주,사립,광주광역시 동구 필문대로 309-1 (서석동. 조선이공대학) ,www.cst.ac.kr,062-230-8114,062-230-8099
중부대학교,본교,충남,사립,충청남도 금산군 추부면 대학로 201 (마전리. 중부대학교) ,www.joongbu.ac.kr,041-750-6500,041-750-6060
중앙대학교,제2캠퍼스,경기,사립,경기도 안성시 대덕면 서동대로 4726 (내리. 중앙대학교) ,www.cau.ac.kr,031-670-3114~4114,031-675-1390
중앙대학교,본교,서울,사립,서울특별시 동작구 흑석로 84 (흑석동. 중앙대학교) ,www.cau.ac.kr,02-820-5114~6114,02-812-5384
중앙승가대학교,본교,경기,사립,경기도 김포시 승가로 147 (풍무동. 중앙승가대학) ,admission.sangha.ac.kr,031-980-7709,031-980-7778
중원대학교,본교,충북,사립,충청북도 괴산군 괴산읍 문무로 85 (동부리. 중원대학교) ,www.jwu.ac.kr,043-830-8114,043-830-8115
진주교육대학교,본교,경남,국립,경상남도 진주시 진양호로369번길 3 (신안동. 진주교육대학교) ,www.cue.ac.kr,055-740-1114,055-745-8741
진주보건대학교,본교,경남,사립,경상남도 진주시 의병로 51 (상봉동. 진주보건대학) ,www.jhc.ac.kr,055-740-1700,055-743-3010
차의과학대학교,본교,경기,사립,경기도 포천시 해룡로 120 (동교동. 포천중문의과대학) 차의과학대학교,www.cha.ac.kr,1899-2010,031)543-2716
창신대학교,본교,경남,사립,경상남도 창원시 마산회원구 팔용로 262 (합성동. 창신대학) ,www.cs.ac.kr,055-250-3001,055-297-5181
창원대학교,본교,경남,국립,경상남도 창원시 의창구 창원대학로 20 (사림동. 창원대학교) ,www.changwon.ac.kr,055-213-2114,055-283-2970
창원문성대학교,본교,경남,사립,경상남도 창원시 의창구 충혼로 91 (두대동) ,www.cmu.ac.kr,055-279-5114,055-279-5086
청강문화산업대학교,본교,경기,사립,경기도 이천시 마장면 청강가창로 389-94 (해월리. 청강문화산업대학) ,www.ck.ac.kr,031-637-1114,031-639-5727
청암대학교,본교,전남,사립,전라남도 순천시 녹색로 1641 (덕월동. 순천청암대학) ,ca.ac.kr,061-740-7100,061-743-6414
청운대학교,본교,충남,사립,충청남도 홍성군 홍성읍 대학길 25 (남장리. 청운대학교) ,www.chungwoon.ac.kr,041-630-3114,041-634-8700
청주교육대학교,본교,충북,국립,충청북도 청주시 서원구 청남로 2065 (수곡동. 청주교육대학교) ,www.cje.ac.kr,043-299-0632,043-299-0797
청주대학교,본교,충북,사립,충청북도 청주시 청원구 대성로 298 (내덕동. 청주대학교) ,www.cju.ac.kr,043-229-8114,043-229-8110
초당대학교,본교,전남,사립,전라남도 무안군 무안읍 무안로 380 (성남리. 초당대학교) ,www.cdu.ac.kr,061-450-1036,061-450-1039
총신대학교,본교,서울,사립,서울특별시 동작구 사당로 143 (사당동. 총신대학교) ,www.chongshin.ac.kr,02-3479-0200,02-593-6256
추계예술대학교,본교,서울,사립,서울특별시 서대문구 북아현로11가길 7 (북아현동. 추계예술대학교) ,www.chugye.ac.kr,02-362-5700,02-362-4555
춘천교육대학교,본교,강원,국립,강원도 춘천시 공지로 126 (석사동. 춘천교육대학교) ,www.cnue.ac.kr,033-260-6000,033-260-6162
춘해보건대학교,본교,울산,사립,울산광역시 울주군 웅촌면 대학길 9 (곡천리. 춘해보건대학) ,www.ch.ac.kr,052-270-0100,052-225-9889
충남대학교,본교,대전,국립,대전광역시 유성구 대학로 99 (궁동. 충남대학교) ,www.cnu.ac.kr,042-821-5114,042-823-5875
충남도립대학교,본교,충남,공립,충청남도 청양군 청양읍 학사길 55 (벽천리. 충남도립대학교) ,www.cnsu.ac.kr,041-635-6600,041-635-7950
충북대학교,본교,충북,국립,충청북도 청주시 서원구 충대로 1 (개신동. 충북대학교) ,www.chungbuk.ac.kr,043-261-2114. 3114,043-261-3333
충북도립대학교,본교,충북,공립,충청북도 옥천군 옥천읍 대학길 15 (문정리) ,www.cpu.ac.kr,043-220-5313,043-220-5319
충북보건과학대학교,본교,충북,사립,충청북도 청주시 청원구 내수읍 덕암길 10 (덕암리. 충북보건과학대학교) ,www.chsu.ac.kr,043-210-8133,043-210-8305
충청대학교,본교,충북,사립,충청북도 청주시 흥덕구 강내면 월곡길 38 (월곡리. 충청대학) ,www.ok.ac.kr,043-230-2114,043-230-2115
칼빈대학교,본교,경기,사립,경기도 용인시 기흥구 마북로 184 (마북동. 칼빈대학교) ,www.calvin.ac.kr,031-284-4753,031-284-4588
케이씨대학교,본교,서울,사립,서울특별시 강서구 까치산로24길 47 (화곡동. 케이씨대학교) ,kcu.ac.kr,02-2600-2400,02-2698-8876
평택대학교,본교,경기,사립,경기도 평택시 서동대로 3825 (용이동. 평택대학교) ,www.ptu.ac.kr,031-659-8114,031-659-8011
포항공과대학교,본교,경북,사립,경상북도 포항시 남구 청암로 77 (지곡동. 포항공과대학교) ,www.postech.ac.kr,054-279-0114,054-279-2099
포항대학교,본교,경북,사립,경상북도 포항시 북구 흥해읍 신덕로 60 (죽천리. 포항대학교) ,www.pohang.ac.kr,054-251-8000,054-252-5005
한경대학교,본교,경기,국립,경기도 안성시 중앙로 327 (석정동. 한경대학교) ,www.hknu.ac.kr,031-670-5114,031-670-5469
한국골프대학교,본교,강원,사립,강원도 횡성군 우천면 하대5길 109 한국골프대학교,www.kg.ac.kr,033-810-1041,033-810-1001
한국공학대학교,본교,경기,사립,경기도 시흥시 산기대학로 237 (정왕동. 한국산업기술대학교) ,www.kpu.ac.kr,031-8041-1000,031-8041-0009
한국과학기술원,본교,대전,특별법법인,대전광역시 유성구 대학로 291 (구성동. 한국과학기술원) ,www.kaist.ac.kr,042-350-2114,042-350-2210
한국관광대학교,본교,경기,사립,경기도 이천시 신둔면 이장로311번길 197-73 (고척리. 한국관광대학) ,www.ktc.ac.kr,031-644-1000,031-644-1122
한국교원대학교,본교,충북,국립,충청북도 청주시 흥덕구 강내면 태성탑연로 250 (다락리. 한국교원대학교) ,www.knue.ac.kr,043-230-3114,043-233-2960
한국교통대학교,본교,충북,국립,충청북도 충주시 대소원면 대학로 50 (검단리. 한국교통대학교) ,www.ut.ac.kr,043-841-5000,043-853-1236
한국국제대학교,본교,경남,사립,경상남도 진주시 문산읍 동부로 965 (상문리. 한국국제대학교) ,www.iuk.ac.kr,055-751-8114,055-761-7407
한국기술교육대학교,본교,충남,사립,충청남도 천안시 동남구 병천면 충절로 1600 (가전리. 한국기술교육대학교) ,www.koreatech.ac.kr,041-560-1114,041-561-9504
한국농수산대학(일반),본교,전북,특별법국립,전라북도 전주시 덕진구 콩쥐팥쥐로 1515 (중동. 한국농수산대학) ,www.af.ac.kr,063-238-9114,063-238-9719
한국방송통신대학교,본교,서울,국립,서울특별시 종로구 대학로 86 (동숭동. 한국방송통신대학교) ,www.knou.ac.kr,1577-9995,02-3673-2382
한국복지대학교,본교,경기,국립,경기도 평택시 삼남로 283 (장안동. 한국복지대학교) ,www.knuw.ac.kr,031-610-4600,031-610-4604
한국복지사이버대학,본교,경북,사립,경상북도 경산시 남천면 남천로 746-10 (협석리) ,www.corea.ac.kr,1644-9775,053-815-6500
한국성서대학교,본교,서울,사립,서울특별시 노원구 동일로214길 32 (상계동. 한국성서대학교) ,www.bible.ac.kr,02-950-5424,070-4275-0161
한국승강기대학교,본교,경남,사립,경상남도 거창군 거창읍 운정1길 120 (송정리. 한국승강기대학) ,www.klc.ac.kr/klc/main/Main.php,055-949-2220,055-949-2222
한국에너지공과대학교,본교,전남,특별법법인,전라남도 나주시 혁신로 200(빛가람동) ,,061-330-9626,061-333-9627
한국열린사이버대학교,본교,서울,사립,서울특별시 중랑구 망우로 353. C동 9층(상봉프레미어스엠코) ,www.ocu.ac.kr,02-2197-4200,02-2197-4114
한국영상대학교,본교,세종,사립,세종특별자치시 장군면 대학길 300 (금암리. 한국영상대학) ,www.pro.ac.kr,044-850-9000,044-850-9008
한국예술종합학교,본교,서울,특별법국립,서울특별시 성북구 화랑로32길 146-37 (석관동. 한국종합예술학교) ,Karts.ac.kr/,02-746-9066,02-746-9069
한국외국어대학교,본교,서울,사립,서울특별시 동대문구 이문로 107 (이문동. 한국외국어대학교) ,www.hufs.ac.kr,02-2173-2114,02-960-7898
한국전통문화대학교,본교,충남,특별법국립,충청남도 부여군 규암면 백제문로 367 (합정리. 한국전통문화대학교) ,www.nuch.ac.kr,041-830-7114,041-830-7020
한국체육대학교,본교,서울,국립,서울특별시 송파구 양재대로 1239 (방이동. 한국체육대학교) ,www.knsu.ac.kr/,02-410-6700,02-418-1877
한국침례신학대학교,본교,대전,사립,대전광역시 유성구 북유성대로 190 (하기동. 침례신학대학) ,www.kbtus.ac.kr,042-828-3114,042-825-1354
한국폴리텍 I 대학 서울강서캠퍼스,본교,서울,사립,서울특별시 강서구 우장산로10길 112 (화곡동. 한국폴리텍Ⅰ서울강서대학) ,kangseo.kopo.ac.kr,02-2186-5800,02-2186-5819
한국폴리텍 I 대학 서울정수캠퍼스,본교,서울,사립,서울특별시 용산구 보광로 73 (보광동. 한국폴리텍1대학서울정수캠퍼스) ,www.kopo.ac.kr/jungsu/index.do,02-2001-4113,02-2001-4119
한국폴리텍 I 대학 성남캠퍼스,본교,경기,사립,경기도 성남시 수정구 수정로 398 (산성동. 한국폴리텍I대학성남캠퍼스) ,seongnam.kopo.ac.kr/,031-739-4000,031-749-3375
한국폴리텍 I 대학 제주캠퍼스,본교,제주,사립,제주특별자치도 제주시 산천단동3길 2 (아라일동. 한국폴리택대학제주캠퍼스) ,jeju.kopo.ac.kr,064-754-7100,064-754-7112
한국폴리텍 II 대학 남인천캠퍼스,본교,인천,사립,인천광역시 남구 염전로333번길 23 (주안동. 한국폴리텍Ⅱ대학(남인천캠퍼스)) ,www.kopo.ac.kr/namincheon/index.do,032-450-0300,032-873-2098
한국폴리텍 II 대학 인천캠퍼스,본교,인천,사립,인천광역시 부평구 무네미로448번길 56 (구산동. 한국폴리텍Ⅱ대학) ,www.kopo.ac.kr,032-510-2114,032-519-6059
한국폴리텍 II 대학 화성캠퍼스,본교,경기,사립,,,,
한국폴리텍 III 대학 강릉캠퍼스,본교,강원,사립,강원도 강릉시 남산초교길 121 (노암동. 한국폴리텍3대학) ,kopo.ac.kr/gangneung,033-610-6111,033-610-6119
한국폴리텍 III 대학 원주캠퍼스,본교,강원,사립,강원도 원주시 북원로2425번길 73 (우산동. 한국폴리텍3대학) ,wonju.kopo.ac.kr,033-741-7000,033-741-7029
한국폴리텍 III 대학 춘천캠퍼스,본교,강원,사립,강원도 춘천시 동산면 영서로 1290-31 (원창리. 한국폴리텍Ⅲ대학) ,www.kopo.ac.kr/chuncheon/index.do,033-260-7654,033-262-7606
한국폴리텍 IV 대학 대전캠퍼스,본교,대전,사립,대전광역시 동구 우암로 352-21 (가양동. 한국폴리텍IV대학) ,www.kopo.ac.kr,042-670-0600,042-670-0589
한국폴리텍 IV 대학 아산캠퍼스,본교,충남,사립,충청남도 아산시 신창면 행목로 45 (행목리. 한국폴리텍Ⅳ대학아산캠퍼스) ,kopo.ac.kr/asan,041-539-9300,041-532-0300
한국폴리텍 IV 대학 청주캠퍼스,본교,충북,사립,충청북도 청주시 흥덕구 산단로 54 (송정동. 한국폴리텍Ⅳ대학청주캠퍼스) ,kopo.ac.kr/cheongju,043-279-7400,043-279-7477
한국폴리텍 IV 대학 홍성캠퍼스,본교,충남,사립,충청남도 홍성군 홍성읍 충서로 1200 (남장리. 한국폴리텍IV대학홍성) ,www.kopo.ac.kr/hongseong,041-630-3500,041-631-3522
한국폴리텍 V 대학 광주캠퍼스,본교,광주,사립,광주광역시 북구 하서로 85 (운암동. 한국폴리텍V대학) ,www.kopo.ac.kr/gwangju,062-519-7114,062-519-7039
한국폴리텍 V 대학 순천캠퍼스,본교,전남,사립,전라남도 순천시 기적의도서관1길 41 (조례동. 한국폴리텍대학순천캠퍼스) ,kopo.ac.kr/suncheon,061-721-0300,061-721-5280
한국폴리텍 V 대학 익산캠퍼스,본교,전북,사립,전라북도 익산시 선화로 579 (어양동. 한국폴리텍V대학) ,iksan.kopo.ac.kr,063-830-3024,063-830-3026
한국폴리텍 V 대학 전남캠퍼스,본교,전남,사립,전라남도 무안군 청계면 영산로 1854-16 한국폴리텍V대학 전남캠퍼스,www.kopo.ac.kr/jeonnam,061-450-7220,061-450-7224
한국폴리텍 V 대학 전북캠퍼스,본교,전북,사립,전라북도 김제시 백학제길 154 (백학동. 한국폴리텍V대학) ,gimje.kopo.ac.kr,063-540-7620,063-540-7625
한국폴리텍 VI 대학 구미캠퍼스,본교,경북,사립,경상북도 구미시 수출대로3길 84 (공단동. 한국폴리텍ⅵ대학구미캠퍼스) ,kopo.ac.kr/gumi,054-468-5201. 5205,054-464-2098
한국폴리텍 VI 대학 대구캠퍼스,본교,대구,사립,대구광역시 서구 국채보상로43길 15 (평리동. 한국폴리텍6대학) ,daegu.kopo.ac.kr,053-560-3131,053-560-3148
한국폴리텍 VI 대학 영남융합기술캠퍼스,본교,대구,사립,대구광역시 동구 팔공로 222(봉무동) ,kopo.ac.kr/yct,053-980-1100,053-980-1129
한국폴리텍 VI 대학 영주캠퍼스,본교,경북,사립,경상북도 영주시 가흥로 2 (문정동. 한국폴리텍VI대학) ,www.kopo.ac.kr/yeongju,054-639-4218,054-632-2098
한국폴리텍 VII 대학 동부산캠퍼스,본교,부산,사립,부산광역시 기장군 정관읍 산단4로 2-69 ,www.kopo.ac.kr/dongbusan,051-609-6000,051-728-5586
한국폴리텍 VII 대학 부산캠퍼스,본교,부산,사립,부산광역시 북구 만덕대로155번길 99 (덕천동. 한국폴리텍VII대학부산캠퍼스) ,www.kopo.ac.kr/busan,051-330-7800,051-332-4801
한국폴리텍 VII 대학 울산캠퍼스,본교,울산,사립,울산광역시 중구 산전길 155 (동동. 한국폴리텍7대학울산캠퍼스) ,kopo.ac.kr/ulsan,052-290-1500,052-290-1519
한국폴리텍 VII 대학 진주캠퍼스,본교,경남,사립,경상남도 진주시 모덕로 299(하대동) 한국폴리텍대학 진주캠퍼스,jinju.kopo.ac.kr,055-752-9901,055-752-0819
한국폴리텍 VII 대학 창원캠퍼스,본교,경남,사립,경상남도 창원시 성산구 외동반림로 51-88 (중앙동. 한국폴리텍VII대학) ,changwon.kopo.ac.kr,055-279-1700,055-279-1749
한국폴리텍 특성화대학 로봇캠퍼스,본교,경북,사립,경상북도 영천시 로봇캠퍼스로 1 (화룡동) ,https://www.kopo.ac.kr/robot/index.do, 054-706-1000, 054-706-1080
한국폴리텍 특성화대학 바이오캠퍼스,본교,충남,사립,충청남도 논산시 강경읍 동안로112번길 48 ,kopo.ac.kr/bio,041-746-7300,041-746-7310
한국폴리텍 특성화대학 반도체융합캠퍼스,본교,경기,사립,경기도 안성시 공도읍 송원길 41-12 (만정리. 한국폴리텍여자대학) ,www.kopo.ac.kr/semi,031-650-7205,031-651-4314
한국폴리텍 특성화대학 항공캠퍼스,본교,경남,사립,경상남도 사천시 대학길 46 (이금동. 한국폴리텍항공대학) ,www.kopo.ac.kr/kapc,055-830-3400,055-830-3414
한국항공대학교,본교,경기,사립,경기도 고양시 덕양구 항공대학로 76 (화전동. 한국항공대학교) ,www.kau.ac.kr,02-300-0114,02-3158-5769
한국해양대학교,본교,부산,국립,부산광역시 영도구 태종로 727 (동삼동. 한국해양대학교) ,www.kmou.ac.kr,051-410-4114,051-405-2475
한남대학교,본교,대전,사립,대전광역시 대덕구 한남로 70 (오정동. 한남대학교) ,www.hannam.ac.kr,042-629-7114,042-629-5874
한동대학교,본교,경북,사립,경상북도 포항시 북구 흥해읍 한동로 558 (남송리. 한동대학교) ,www.handong.edu,054-260-1111,054-260-1149
한라대학교,본교,강원,사립,강원도 원주시 흥업면 한라대길 28 (흥업리. 한라대학교) ,www.halla.ac.kr,033-760-1114,033-762-6705
한림대학교,본교,강원,사립,강원도 춘천시 한림대학길 1 (옥천동. 한림대학교) ,www.hallym.ac.kr,033-248-1000,033-248-3333
한림성심대학교,본교,강원,사립,강원도 춘천시 동면 장학길 48 (장학리. 한림성심대학교) ,www.hsc.ac.kr,033-240-9000,033-252-9462
한밭대학교,본교,대전,국립,대전광역시 유성구 동서대로 125 (덕명동. 한밭대학교) ,www.hanbat.ac.kr,042-821-1114,042-825-5395
한서대학교,본교,충남,사립,충청남도 서산시 해미면 한서1로 46 (대곡리. 한서대학교) ,www.hanseo.ac.kr,041-660-1144,041-660-1149
한성대학교,본교,서울,사립,서울특별시 성북구 삼선교로16길 116 (삼선동2가. 한성대학교) ,www.hansung.ac.kr,02-760-4231,02-745-8943
한세대학교,본교,경기,사립,경기도 군포시 한세로 30 (당정동) ,www.hansei.ac.kr,031-450-5114,031-450-5124
한신대학교,본교,경기,사립,경기도 오산시 한신대길 137 (양산동. 한신대학교) ,www.hs.ac.kr,031-379-0114,031-379-0039
한양대학교,본교,서울,사립,서울특별시 성동구 왕십리로 222 (사근동. 한양대학교) ,www.hanyang.ac.kr,02-2220-0114,02-2220-0199
한양대학교(ERICA),분교,경기,사립,경기도 안산시 상록구 한양대학로 55 (사동. 한양대학교) ,www.hanyang.ac.kr,031-400-5114,031-406-2809
한양사이버대학교,본교,서울,사립,서울특별시 성동구 왕십리로 220 (행당동. 한양사이버대학교) ,www.hycu.ac.kr,02-2290-0114,02-2290-0600
한양여자대학교,본교,서울,사립,서울특별시 성동구 살곶이길 200 (사근동. 한양여자대학) ,www.hywoman.ac.kr,02-2290-2114,02-2290-6111
한영대학교,본교,전남,사립,전라남도 여수시 장군산길 18-43 (여서동. 한영대학) ,www.hanyeong.ac.kr,061-650-4139,061-650-4020
한일장신대학교,본교,전북,사립,전라북도 완주군 상관면 왜목로 726-15 (신리. 한일장신대학교) ,www.hanil.ac.kr,063-230-5408,063-230-5679
협성대학교,본교,경기,사립,경기도 화성시 봉담읍 최루백로 72 (상리. 협성대학교) ,www.uhs.ac.kr,031-299-0900,031-227-3131
혜전대학교,본교,충남,사립,충청남도 홍성군 홍성읍 대학1길 19 ,www.hj.ac.kr,041-630-2455,041-634-6425
호남대학교,본교,광주,사립,광주광역시 광산구 호남대길 120 (서봉동. 호남대학본부) ,www.honam.ac.kr,062-940-5000,062-940-5005
호남신학대학교,본교,광주,사립,광주광역시 남구 제중로 77 (양림동. 호남신학대학교) ,www.htus.ac.kr,062-650-1552,062-675-1552
호산대학교,본교,경북,사립,경상북도 경산시 하양읍 대경로105길 19 (부호리. 호산대학교) ,www.hosan.ac.kr,053-850-8000,053-853-9715
호서대학교,본교,충남,사립,충청남도 아산시 배방읍 호서로79번길 20 (세출리. 호서대학교) ,www.hoseo.ac.kr,041-540-5114,041-540-5159
호원대학교,본교,전북,사립,전라북도 군산시 임피면 호원대3길 64 (월하리. 호원대학교) ,www.howon.ac.kr,063-450-7114,063-450-7777
홍익대학교,본교,서울,사립,서울특별시 마포구 와우산로 94 (상수동. 홍익대학교) ,www.hongik.ac.kr/,02-320-1114,02-320-1122
홍익대학교,제2캠퍼스,세종,사립,세종특별자치시 조치원읍 세종로 2639 (신안리. 홍익대학교세종캠퍼스) ,sejong.hongik.ac.kr,044-860-2114,044-860-2238
화신사이버대학교,본교,부산,사립,부산광역시 연제구 고분로191번길 1 (연산동. 화신사이버대학교) ,www.hscu.ac.kr,1588-5215,051-999-0159
